{"_type":"export","__export_format":4,"__export_date":"2022-09-02T01:52:02.678Z","__export_source":"insomnia.desktop.app:v2022.5.1","resources":[{"_id":"req_dc5348d0ead24462b4aea5f41d824174","parentId":"wrk_ec6036cb585e4591a6d9b5ed2d2fa2ab","modified":1662081617150,"created":1662081535941,"url":"http://localhost:3000/livrocaixa/lancamentos","name":"read_lancamentos","description":"","method":"GET","body":{},"parameters":[],"headers":[],"authentication":{},"metaSortKey":-1662081535941,"isPrivate":false,"settingStoreCookies":true,"settingSendCookies":true,"settingDisableRenderRequestBody":false,"settingEncodeUrl":true,"settingRebuildPath":true,"settingFollowRedirects":"global","_type":"request"},{"_id":"wrk_ec6036cb585e4591a6d9b5ed2d2fa2ab","parentId":null,"modified":1662081533219,"created":1662081533219,"name":"livrocaixa","description":"","scope":"collection","_type":"workspace"},{"_id":"req_12b8a986a6714bb39aff8a646deca5f0","parentId":"wrk_ec6036cb585e4591a6d9b5ed2d2fa2ab","modified":1662082485335,"created":1662081609730,"url":"http://localhost:3000/livrocaixa/lancamentos","name":"create_lancamento","description":"","method":"POST","body":{"mimeType":"application/json","text":"{\n\t\"descricao\":\"outro\",\n\t\"valor\":100,\n\t\"tipo\":\"C\"\n}"},"parameters":[],"headers":[{"name":"Content-Type","value":"application/json","id":"pair_a1e202d8dbca4b398a375d3281786293"}],"authentication":{},"metaSortKey":-1661945752418,"isPrivate":false,"settingStoreCookies":true,"settingSendCookies":true,"settingDisableRenderRequestBody":false,"settingEncodeUrl":true,"settingRebuildPath":true,"settingFollowRedirects":"global","_type":"request"},{"_id":"req_b36e378400cb42cb962530d12a72d4bb","parentId":"wrk_ec6036cb585e4591a6d9b5ed2d2fa2ab","modified":1662081623981,"created":1662081564787,"url":"http://localhost:3000/livrocaixa/lancamentos/2022-09-01","name":"read_lancamentos_data","description":"","method":"GET","body":{},"parameters":[],"headers":[],"authentication":{},"metaSortKey":-1661809968895,"isPrivate":false,"settingStoreCookies":true,"settingSendCookies":true,"settingDisableRenderRequestBody":false,"settingEncodeUrl":true,"settingRebuildPath":true,"settingFollowRedirects":"global","_type":"request"},{"_id":"env_6871196c56131148a0be34ceea84c817571ba891","parentId":"wrk_ec6036cb585e4591a6d9b5ed2d2fa2ab","modified":1662081533226,"created":1662081533226,"name":"Base Environment","data":{},"dataPropertyOrder":null,"color":null,"isPrivate":false,"metaSortKey":1662081533226,"_type":"environment"},{"_id":"jar_6871196c56131148a0be34ceea84c817571ba891","parentId":"wrk_ec6036cb585e4591a6d9b5ed2d2fa2ab","modified":1662081533228,"created":1662081533228,"name":"Default Jar","cookies":[],"_type":"cookie_jar"},{"_id":"spc_f9f00328d1f7498cb11ce7ef66cbaeda","parentId":"wrk_ec6036cb585e4591a6d9b5ed2d2fa2ab","modified":1662081533221,"created":1662081533221,"fileName":"livrocaixa","contents":"","contentType":"yaml","_type":"api_spec"}]}